{
 "yacht" : "Manitou IV",
 "sail" : "KC4141",
 "icert" : 1432,
 "owner" : "K & S Merron",
 "class" : "",
 "istd" : 0,
 "address0" : "",
 "designer" : "C & C",
 "mon" : 8,
 "yr" : 1969,
 "address1" : "",
 "builder" : "C & C",
 "hmo" : 0,
 "hyr" : 0,
 "address2" : "",
 "keel" : "FIXED",
 "irgm" : 8,
 "irgy" : 1969,
 "measurer" : "G Harvey",
 "rig" : "SLOOP",
 "munit" : 0,
 "idaa" : 30,
 "idbb" : 4,
 "idcc" : 1978,
 "smo" : 0,
 "syr" : 0,
 "comment0" : "",
 "anchor1" : "15/ 5",
 "ballast1" : " 0/ 0",
 "battery1" : " 0/ 0",
 "comment1" : "",
 "anchor2" : " 0/ 0",
 "ballast2" : "",
 "battery2" : " 0/ 0",
 "comment2" : "",
 "ballast3" : "",
 "battery3" : " 0/ 0",
 "loa" : 38.740000000000002,
 "fgo" : 2.5299999999999998,
 "ago" : 1.6299999999999999,
 "gsda" : 1.27,
 "glai" : 0.0,
 "gsdf" : 1.74,
 "fd" : 4.7800000000000002,
 "cmd" : 5.3899999999999997,
 "md" : 4.7699999999999996,
 "omd" : 3.9100000000000001,
 "bmax" : 11.960000000000001,
 "b" : 11.31,
 "bf" : 2.5600000000000001,
 "bfi" : 3.9399999999999999,
 "bai" : 9.0299999999999994,
 "ba" : 8.3399999999999999,
 "gd" : 2.5099999999999998,
 "y" : 1.6299999999999999,
 "gdfi" : 0.0,
 "vhai" : 3.5699999999999998,
 "vha" : 2.77,
 "bhai" : 0.0,
 "bha" : 0.0,
 "dmt" : 0.0,
 "pdt" : 0.0,
 "sbmax" : 24.460000000000001,
 "sdm" : 25.140000000000001,
 "spd" : 27.600000000000001,
 "bbs" : 0.0,
 "bsc" : 0.0,
 "fss" : 8.2799999999999994,
 "ffs" : 8.4900000000000002,
 "ffis" : 8.3599999999999994,
 "ffds" : 8.0,
 "fbis" : 7.71,
 "fmds" : 7.71,
 "fbms" : 0.0,
 "fais" : 7.9199999999999999,
 "fas" : 7.9900000000000002,
 "dms" : 2.1800000000000002,
 "pds" : -1.23,
 "esds" : 0.0,
 "wlh1" : 0.0,
 "twl0" : 0.0,
 "twl1" : 0.0,
 "twl2" : 0.0,
 "twl3" : 0.0,
 "twl4" : 0.0,
 "raw1" : 0.0,
 "raw2" : 0.0,
 "racg1" : 0.0,
 "racg2" : 0.0,
 "macl" : 0.0,
 "maco" : 0.0,
 "wcba" : 0.0,
 "wcbb" : 0.0,
 "cbda" : 0.0,
 "cbdb" : 0.0,
 "cblda" : 0.0,
 "cbldb" : 0.0,
 "dmc" : 0.0,
 "mdias" : 0.0,
 "cd" : 0.0,
 "idc0" : 0,
 "idc1" : 0,
 "idc2" : 0,
 "idc3" : 0,
 "idc4" : 0,
 "ipt" : 2,
 "prd" : 1.5900000000000001,
 "pbw" : 0.41999999999999998,
 "esl" : 2.5699999999999998,
 "esc" : 0.90000000000000002,
 "st1" : 0.11,
 "st2" : 0.33000000000000002,
 "st3" : 0.33000000000000002,
 "aph" : 0.0,
 "apt" : 0.0,
 "apb" : 0.0,
 "ew" : 685.0,
 "ewd" : 10.119999999999999,
 "psd" : 0.0,
 "phd" : 0.0,
 "aw" : 90.0,
 "awd" : 23.18,
 "apd" : 57.0,
 "bw" : 180.0,
 "bwd" : 23.18,
 "bpd" : 113.0,
 "cw" : 90.0,
 "cwd" : 23.18,
 "cpd" : 64.0,
 "dw" : 180.0,
 "dwd" : 23.18,
 "dpd" : 121.0,
 "wts0" : 0.0,
 "wts1" : 0.0,
 "wts2" : 0.0,
 "wts3" : 0.0,
 "wts4" : 0.0,
 "pdef00" : 0.0,
 "pdef01" : 0.0,
 "pdef02" : 0.0,
 "pdef03" : 0.0,
 "pdef04" : 0.0,
 "pdef10" : 0.0,
 "pdef11" : 0.0,
 "pdef12" : 0.0,
 "pdef13" : 0.0,
 "pdef14" : 0.0,
 "swd" : 0.0,
 "pwd" : 0.0,
 "ffm" : 4.0300000000000002,
 "fam" : 3.2200000000000002,
 "bwl" : 10.789999999999999,
 "pl" : 2204.0,
 "sg" : 1.0149999999999999,
 "fs" : 3.8326981677709728,
 "fbi" : 3.1027756239552913,
 "fbm" : 0.0,
 "ifda" : 0,
 "ifmo" : 0,
 "ig" : 55.270000000000003,
 "isp" : 55.420000000000002,
 "j" : 16.82,
 "spl" : 17.77,
 "sl" : 54.0,
 "smw" : 31.399999999999999,
 "lpg" : 26.0,
 "lpis" : 0.0,
 "hbs" : 0.0,
 "fsp" : 0.17999999999999999,
 "sps" : 12.35,
 "sfs" : -1.22,
 "go" : 0.63,
 "mw" : 0.63,
 "mpen" : 0,
 "p" : 48.079999999999998,
 "e" : 13.51,
 "bal" : 0.5,
 "bd" : 0.58999999999999997,
 "bas" : 5.4000000000000004,
 "hb" : 0.56000000000000005,
 "blp" : 10.0,
 "mgu" : 0.0,
 "mgm" : 0.0,
 "bl1" : 2.3399999999999999,
 "bl2" : 2.3399999999999999,
 "bl3" : 2.3399999999999999,
 "bl4" : 2.3399999999999999,
 "bl5" : 0.0,
 "eb" : 0.0,
 "iy" : 0.0,
 "is" : 0.0,
 "bads" : 0.0,
 "py" : 0.0,
 "ey" : 0.0,
 "baly" : 0.0,
 "bdy" : 0.0,
 "hby" : 0.0,
 "blpy" : 0.0,
 "by1" : 0.0,
 "by2" : 0.0,
 "by3" : 0.0,
 "by4" : 0.0,
 "by5" : 0.0,
 "ysf" : 0.0,
 "ysd" : 0.0,
 "ysmg" : 0.0,
 "s6" : 0.0,
 "badx" : 0.0,
 "g" : 0.0,
 "h" : 0.0,
 "s1" : 0.0,
 "s2" : 0.0,
 "s3" : 0.0,
 "gy" : 0.0,
 "hy" : 0.0,
 "mule" : 0
}
