{
 "yacht" : "Summer Wine",
 "sail" : "K222",
 "icert" : 15338,
 "owner" : "R & M Fleck",
 "class" : "",
 "istd" : 0,
 "address0" : "",
 "designer" : "R Humphreys",
 "mon" : 9,
 "yr" : 1984,
 "address1" : "",
 "builder" : "Vision Yachts",
 "hmo" : 0,
 "hyr" : 0,
 "address2" : "",
 "keel" : "FIXED",
 "irgm" : 0,
 "irgy" : 0,
 "measurer" : "Ashmead & Warren",
 "rig" : "SLOOP",
 "munit" : 0,
 "idaa" : 10,
 "idbb" : 9,
 "idcc" : 1984,
 "smo" : 0,
 "syr" : 0,
 "comment0" : "Double measured ",
 "anchor1" : "",
 "ballast1" : "",
 "battery1" : "",
 "comment1" : "",
 "anchor2" : "",
 "ballast2" : "",
 "battery2" : "",
 "comment2" : "",
 "ballast3" : "",
 "battery3" : "",
 "loa" : 40.289999999999999,
 "fgo" : 2.2000000000000002,
 "ago" : 5.0,
 "gsda" : 1.95,
 "glai" : 0.0,
 "gsdf" : 1.6100000000000001,
 "fd" : 4.9100000000000001,
 "cmd" : 5.1799999999999997,
 "md" : 4.6799999999999997,
 "omd" : 3.6499999999999999,
 "bmax" : 13.18,
 "b" : 12.119999999999999,
 "bf" : 2.02,
 "bfi" : 3.3300000000000001,
 "bai" : 9.8900000000000006,
 "ba" : 8.9000000000000004,
 "gd" : 2.4300000000000002,
 "y" : 5.0,
 "gdfi" : 0.0,
 "vhai" : 3.4499999999999997,
 "vha" : 2.9199999999999999,
 "bhai" : 3.2999999999999998,
 "bha" : 2.77,
 "dmt" : 10.51,
 "pdt" : 5.8399999999999999,
 "sbmax" : 22.699999999999999,
 "sdm" : 20.879999999999999,
 "spd" : 26.710000000000001,
 "bbs" : 2.2000000000000002,
 "bsc" : 0.0,
 "fss" : 9.1899999999999995,
 "ffs" : 9.1099999999999994,
 "ffis" : 9.0600000000000005,
 "ffds" : 8.7899999999999991,
 "fbis" : 8.6899999999999995,
 "fmds" : 8.5700000000000003,
 "fbms" : 8.4900000000000002,
 "fais" : 8.4900000000000002,
 "fas" : 8.5,
 "dms" : 1.96,
 "pds" : -2.6200000000000001,
 "esds" : -3.4300000000000002,
 "wlh1" : 3.1899999999999999,
 "twl0" : 10.470000000000001,
 "twl1" : 10.09,
 "twl2" : 9.6899999999999995,
 "twl3" : 9.2899999999999991,
 "twl4" : 8.8399999999999999,
 "raw1" : 0.0,
 "raw2" : 0.0,
 "racg1" : 0.0,
 "racg2" : 0.0,
 "macl" : 0.0,
 "maco" : 0.0,
 "wcba" : 0.0,
 "wcbb" : 0.0,
 "cbda" : 0.0,
 "cbdb" : 0.0,
 "cblda" : 0.0,
 "cbldb" : 0.0,
 "dmc" : 0.0,
 "mdias" : 0.0,
 "cd" : 0.0,
 "idc0" : 0,
 "idc1" : 0,
 "idc2" : 0,
 "idc3" : 0,
 "idc4" : 0,
 "ipt" : 2,
 "prd" : 1.6699999999999999,
 "pbw" : 0.44,
 "esl" : 3.0800000000000001,
 "esc" : 0.80000000000000004,
 "st1" : 0.10000000000000001,
 "st2" : 0.37,
 "st3" : 0.37,
 "aph" : 0.0,
 "apt" : 0.0,
 "apb" : 0.0,
 "ew" : 560.0,
 "ewd" : 5.4400000000000004,
 "psd" : 0.0,
 "phd" : 0.0,
 "aw" : 56.0,
 "awd" : 20.359999999999999,
 "apd" : 30.0,
 "bw" : 112.0,
 "bwd" : 20.359999999999999,
 "bpd" : 59.0,
 "cw" : 56.0,
 "cwd" : 20.359999999999999,
 "cpd" : 29.0,
 "dw" : 112.0,
 "dwd" : 20.359999999999999,
 "dpd" : 58.0,
 "wts0" : 56.0,
 "wts1" : 112.0,
 "wts2" : 0.0,
 "wts3" : 0.0,
 "wts4" : 0.0,
 "pdef00" : 30.0,
 "pdef01" : 0.0,
 "pdef02" : 0.0,
 "pdef03" : 0.0,
 "pdef04" : 0.0,
 "pdef10" : 29.0,
 "pdef11" : 0.0,
 "pdef12" : 0.0,
 "pdef13" : 0.0,
 "pdef14" : 0.0,
 "swd" : 20.359999999999999,
 "pwd" : 20.359999999999999,
 "ffm" : 3.8900000000000001,
 "fam" : 3.54,
 "bwl" : 9.9021606570701497,
 "pl" : 1500.0,
 "sg" : 1.0189999999999999,
 "fs" : 3.9199738408678764,
 "fbi" : 3.5330664304619837,
 "fbm" : 3.3975106189253985,
 "ifda" : 11,
 "ifmo" : 6,
 "ifyr" : 1986,
 "ig" : 47.869999999999997,
 "isp" : 47.960000000000001,
 "j" : 13.880000000000001,
 "spl" : 13.880000000000001,
 "sl" : 46.5,
 "smw" : 24.800000000000001,
 "lpg" : 20.600000000000001,
 "lpis" : 0.0,
 "hbs" : 0.0,
 "fsp" : 0.22,
 "sps" : 12.9,
 "sfs" : 0.0,
 "go" : 0.57999999999999996,
 "mw" : 0.53000000000000003,
 "mpen" : 0,
 "p" : 51.450000000000003,
 "e" : 18.350000000000001,
 "bal" : 0.5,
 "bd" : 0.57999999999999996,
 "bas" : 6.1900000000000004,
 "hb" : 0.69999999999999996,
 "blp" : 10.9,
 "mgu" : 6.5,
 "mgm" : 11.300000000000001,
 "bl1" : 2.8500000000000001,
 "bl2" : 2.8500000000000001,
 "bl3" : 3.2000000000000002,
 "bl4" : 3.2000000000000002,
 "bl5" : 0.0,
 "eb" : 0.0,
 "iy" : 0.0,
 "is" : 0.0,
 "bads" : 0.0,
 "py" : 0.0,
 "ey" : 0.0,
 "baly" : 0.0,
 "bdy" : 0.0,
 "hby" : 0.0,
 "blpy" : 0.0,
 "by1" : 0.0,
 "by2" : 0.0,
 "by3" : 0.0,
 "by4" : 0.0,
 "by5" : 0.0,
 "ysf" : 0.0,
 "ysd" : 0.0,
 "ysmg" : 0.0,
 "s6" : 0.0,
 "badx" : 0.0,
 "g" : 0.0,
 "h" : 0.0,
 "s1" : 0.0,
 "s2" : 0.0,
 "s3" : 0.0,
 "gy" : 0.0,
 "hy" : 0.0,
 "mule" : 0
}
